Text,Sentiment,Score
ola electric mobility ltd  sharestock price  moneycontrol,Neutral,-0.9999736547470093
ola electric mobility limited share price today live nse stock ,Neutral,-0.9999991655349731
ola electric mobility ltd stock price live nsebse  groww,Neutral,-0.9999916553497314
ola electric mobility share price today  mint,Neutral,-0.9999990463256836
latest  breaking news on ola electric  moneycontrol,Neutral,-0.8306578993797302
ola electric shares slip  as rebound rally pauses  business today,Negative,-0.9999892711639404
ola electric mobility share price today live nsebse  icici direct,Neutral,-0.9999997615814209
ola electric mobility share price  business standard,Neutral,-0.999994158744812
ola electric shares jump  in  sessions heres what is triggering ,Neutral,-0.9930069446563721
chot lagi dard hua ,Neutral,-0.9890812635421753
why did ola electric suddenly go up  points ,Neutral,-0.61106938123703
ola electric share crash  its bound to happensuch a shitty founder ,Neutral,-0.9982708692550659
ola electric q results firm posts net loss of rs  crore source  ,Negative,-0.9148277044296265
bhavish aggarwal reveals ola electrics upcoming gen escooters set for january  launch ola electric led by bhavish aggarwal is gearing up to launch its innovative gen electric scooters in january  this new generation promises enhanced features aiming to redefine the escooter experience for riders and strengthen olas foothold in electric mobility,Positive,-0.9999979734420776
ola electric mobility on august  said its net loss for the quarter ended june   was rs  crore as against net loss of rs  crore in the yearago period ,Negative,-0.9328666925430298
"ola electric under ipo price aur kitna girega 

sorry for those long term investors who didnt sell after allotment ",Neutral,-0.9989809393882751
"ola electric suggestion holding since ipo 
",Neutral,-0.99981290102005
the central consumer protection authority has slapped a show cause notice on ola electric mobility ltd for alleged violation of consumer rights misleading advertisement and unfair trade practices ,Negative,-0.7754022479057312
anyone else just steamrolling all their available funds into ola electric  im thinking of dumping as much cash as i can into ola for long term positions and hold for a minimum of two years if not more what are your thoughts ,Neutral,-0.9981017708778381
retailers own more than the promoters  ola electric  a combo of poor products plagiarism and a unreliable ceo who wants employees to work for  hours per week and believes weekends work life balance is a western concept  recipe for pump and dump disaster  ,Negative,-0.9722722172737122
ola electrics at th rank in electric vehicle companies by revenue in the world  ,Neutral,-0.9999862909317017
bhavish aggarwal announces launch of ola electrics nextgen gen escooters in january  ola electric led by bhavish aggarwal is gearing up to launch its innovative gen electric scooters in january  this new generation promises enhanced features aiming to redefine the escooter experience for riders and strengthen olas foothold in electric mobility,Positive,-0.9999992847442627
ola electric crash ,Neutral,-0.9991862177848816
will ola electric share crash sell order is high ,Positive,-0.9967582821846008
"ola electric q results firm posts net loss of rs  crore 

source  ",Negative,-0.9148277044296265
is it right time to get ola electric mobility shares for long term ,Neutral,-0.9955032467842102
ola electric mobility shares remarkable rally pushes stock near  milestone ola electric mobility shares remarkable rally pushes stock near  milestone,Positive,-0.9999997615814209
"ola electric mobility
 ",Neutral,-0.9980803728103638
ola electric share price target  share price targets of ola electric mobility ltd from  to  are given in my article published here with detailed financial analysis,Neutral,-0.9999983310699463
bhavish aggarwal announces launch of ola electrics nextgen gen escooters in january  ola electric led by bhavish aggarwal is gearing up to launch its innovative gen electric scooters in january  this new generation promises enhanced features aiming to redefine the escooter experience for riders and strengthen olas foothold in electric mobility,Positive,-0.9999992847442627
ola electric plummets as complaints soar  but we made money using risological ,Neutral,-0.9960015416145325
ola electric plummets as complaints soar  but we made money using risological ,Neutral,-0.9960015416145325
retailers own more than the promoters  ola electric  a combo of poor products plagiarism and a unreliable ceo who wants employees to work for  hours per week and believes weekends work life balance is a western concept  recipe for pump and dump disaster  ,Negative,-0.9722722172737122
"ola electric ipo  a missed opportunity  everything was negative in the preopening 

but it ended up really well 

any comments


how accurate is gmp data from investorgaincom",Negative,-0.83464515209198
i am not a sadist but this is pure bliss ,Neutral,-0.8905051350593567
"shares of ola electric mobility the twowheeler electric vehicle ev manufacturer dropped by  on monday in early trade this marks the third consecutive day of declines for the company which has now lost ground in five of the last six trading sessionsÂ 
 ",Negative,-0.9999746084213257
chot lagi dard hua ola electric mobility shares tanked by  on monday in early trade a day after ceo bhavish aggarwal engaged in an ugly spat with comedian kunal kamra will bhavishs arrogance cause the stock to fall further,Neutral,-0.9942827224731445
ola electric ipo people buy stupid shit like ola electric and then when its price goes down dramatically blame sebi for allowing unprofitable businesses to list in the public markets i mean so dumb,Negative,-0.5141185522079468
should l invest in ola electric mobility stock ,Neutral,-0.999894380569458
ola electric  all short targets done using risological swing trader ,Neutral,-0.9999971389770508
ola electric share crash  its bound to happensuch a shitty founder ,Neutral,-0.9982708692550659
ola electric stock update  short setup target  done ,Neutral,-0.9904897212982178
"gambe paid offf guysss ola electric ipo 

",Neutral,-0.9997265934944153
"ola electric q results firm posts net loss of rs  crore 
source  ",Negative,-0.9148277044296265
ola electric mobility ltd target price for short term ,Neutral,-0.9999797344207764
ola electric and ola cabs are different  ola electric is in the ipo at a valuation of  lakh crores ola cabs is a separate entity which was marked down in valuation to  billion dollars both of them are making losses,Negative,-0.5808285474777222
"ola electric mobility ltd 
basis of allotment

qib others  x
qib mf  x

hni bucketrs lacs  
   allotted  shares

hni bucketabove  lacs
 shareson  shares  
above that  additional allotment
                                                                                      
retail  
   allotted  shares

listing is targeted on friday th august ",Neutral,-0.9999997615814209
world  ola electric mobility shares jump on trading debut ,Positive,-0.5879403352737427
ola electric mobility ltd ,Neutral,-0.9984388947486877
wasted opportunity ola keeps hitting upper circuit while i hesitated investing ,Negative,-0.9836507439613342
world  ola electric mobility seeks to raise over  million in india ipo ,Positive,-0.5663367509841919
biggest regret of last month  ,Neutral,-0.9983527660369873
invest in ola electric mobility share price will be profitable move in future ola electric has signed an agreement with the ministry of heavy industries for local manufacturing of advanced battery cells under the governments productionlinked incentive scheme investing in ola electric mobility share price will help to grow your portfolio in the long run for more latest updates and information read our research report at planify ,Positive,-0.9999924898147583
how much ola will pump any idea  ,Neutral,-0.9996480941772461
is it the right time to buy ,Neutral,-0.9180927276611328
do you think bhavish agarwal arrogance is the reason for this downfall what is the lowest it can go as per you ,Neutral,-0.6551039814949036
time to sell ola i usually buy ipo listings which has issue size of more than  cr i dont apply for the ipo but buy when its listed in the first day at the market and keep it for mere  days,Neutral,-0.999985933303833
chud gye guru ,Neutral,-0.9897441267967224
we all knew this was inevitable guys just hope nobody is stuck in this crap many members on this sub and other similar subs had already warned about this junk,Negative,-0.9338719248771667
hoping for another ucgambling lets hope for the best,Positive,-0.842534065246582
"ola ne bajaya mera dola as it hit below  i thought let it touch  and ill get out of this 
it hit below  and i thought the same ill get out when it touches 
now its  and thanks to the founder with his useless statements and ego i want to know your opinions on whether ola will get up or will  it reach the zero soon i can hold it if ola survives after some time but i am not sure about this firm now",Neutral,-0.9943371415138245
"ola s electric scooter  deft info  namra riaz  ola electric mobility produces electric twowheelers with the vision to decrease the emissions and fuel dependence of olas taxis  ola s is launched on monday august   ola s possesses a good number of features incredible storage and outstanding ride and handling  

read more on the following link

",Positive,-0.9998070597648621
is it good time to buy ola ,Positive,-0.5824924111366272
all aggarwal loves to take flying arrow either prag aggarwal or bhavish aggarwal or  ,Neutral,-0.9990313053131104
nadeem bhaiyou rock ,Neutral,-0.998950183391571
price is stuck at a point ive seen a few stocks with samae issue why did the price stuck at this particular point and neither moving up nor down,Neutral,-0.6901126503944397
how much more can it fall ,Neutral,-0.9982252717018127
fiem industries to supply head lamps tail lamps indicators rear fender assembly and mirrors to ola electric mobility for its scooter s and s pro share  surge ,Neutral,-0.9966226816177368
should i hold or sell ,Negative,-0.6836928129196167
worlds largest escooter factory to make ev every  seconds ola electric mobility pvt hopes to make  million vehicles annually or  of the worlds escooters by the summer of  starting with sales abroad later this year ,Neutral,-0.9999310970306396
fiem industries to supply head lamps tail lamps indicators rear fender assembly and mirrors to ola electric mobility for its scooter s and s pro share  surge ,Neutral,-0.9966226816177368
from ebikes to flying cars indias ola electric plots mobility future ,Neutral,-0.9997610449790955
from ebikes to flying cars indias ola electric plots mobility future ,Neutral,-0.9997610449790955
from ebikes to flying cars indias ola electric plots mobility future ,Neutral,-0.9997610449790955
 soon ,Neutral,-0.9966918230056763
hold or exit  ,Neutral,-0.9448317289352417
worlds largest escooter factory to make ev every  seconds ola electric mobility pvt hopes to make  million vehicles annually or  of the worlds escooters by the summer of  starting with sales abroad later this year ,Neutral,-0.9999310970306396
should you invest ,Neutral,-0.8776955604553223
government will now audit ola service centres ,Neutral,-0.9997963309288025
rate my portfolio for next  years  i want to remove some share and short down to  to  holding any suggestions is welcome ,Neutral,-0.9954931735992432
babe wake up new hill climb racer is out ,Neutral,-0.999969482421875
what should i do ,Neutral,-0.9973908066749573
ola kaise  ,Neutral,-0.9947919249534607
vi any thoughts,Neutral,-0.9393309950828552
upper circuit againits giving good returns but im afraid itll be dumpedis it good long term investment ,Positive,-0.9999995231628418
perfect stock to buy now suggestions  ,Positive,-0.9886764287948608
"when will ola dumping startwent through the financials and must say its hot garbage 
even the ipo price was a bit too high based on fundamentals

kharid long raha hai",Negative,-0.6952072381973267
should you invest ,Neutral,-0.8776955604553223
going below ipo price ,Negative,-0.8993272185325623
update sold ola  swing i usually take  as my capital is huge it is someones  months salary  is really good on a stock in single day this is what i usually do equity trades people were just assuming alot and the hate with the stock signing off will share my next trade soon,Positive,-0.9141573905944824
business  ratan tata invests in ola electric mobility  times of india ,Neutral,-0.9999059438705444
business  rata tata invests in ola electric mobility  the hindu ,Neutral,-0.9999293088912964
business  rata tata invests in ola electric mobility ,Neutral,-0.999935507774353
business  ratan tata invests in ola electric mobility ,Neutral,-0.9999009370803833
"   ola bags  million from hyundai and kia for mobility solutions and electric vehicles venturebeatcom by uaa removed from rnews within min ola bags  million from hyundai and kia for mobility solutions and electric vehicles

godfish undelete link

unreddit undelete link

author uaa",Neutral,-0.999954104423523
olas electric mobility unit raises us million in first funding round ,Neutral,-0.9994171857833862
